{
	"settings": {
		"color": {
			"palette": [
				{
					"color": "#4688d9",
					"name": "Azul",
					"slug": "custom-azul"
				}
			]
		}
	},
	"styles": {
		"blocks": {
			"core/heading": {
				"color": {
					"text": "var(--wp--preset--color--black)"
				},
				"elements": {
					"link": {
						"color": {
							"text": "var(--wp--preset--color--black)"
						}
					}
				},
				"spacing": {
					"margin": {
						"bottom": "0",
						"left": "0",
						"right": "0",
						"top": "0"
					},
					"padding": {
						"bottom": "0",
						"left": "0",
						"right": "0",
						"top": "0"
					}
				},
				"typography": {
					"fontSize": "var(--wp--preset--font-size--large)",
					"letterSpacing": "2px"
				}
			}
		},
		"elements": {
			"button": {
				"typography": {
					"fontFamily": "var(--wp--preset--font-family--dream-orphans)",
					"fontSize": "50px"
				}
			},
			"caption": {
				"typography": {
					"fontFamily": "var(--wp--preset--font-family--romande-adf-script-std)",
					"fontSize": "var(--wp--preset--font-size--large)"
				}
			},
			"h1": {
				"typography": {
					"fontSize": "var(--wp--preset--font-size--x-large)",
					"textTransform": "uppercase"
				}
			},
			"h2": {
				"typography": {
					"fontFamily": "var(--wp--preset--font-family--system-font)",
					"fontSize": "var(--wp--preset--font-size--large)"
				}
			},
			"h3": {
				"typography": {
					"fontFamily": "var(--wp--preset--font-family--dream-orphans)",
					"fontSize": "var(--wp--preset--font-size--x-large)"
				}
			},
			"h5": {
				"typography": {
					"fontSize": "var(--wp--preset--font-size--medium)",
					"textTransform": "capitalize"
				}
			}
		}
	},
	"version": 2,
	"$schema": "https://schemas.wp.org/wp/6.4/theme.json"
}